Pitch,Roll,Yaw
-9.57298663921,-8.15473113868,6.57942354719
